{
    "loss": 10.34018611907959,
    "accuracy": 0.5179855823516846
}